,file_path,label
0,E:\Datasets\genres\blues\blues.00000.wav,0
1,E:\Datasets\genres\blues\blues.00001.wav,0
2,E:\Datasets\genres\blues\blues.00002.wav,0
3,E:\Datasets\genres\blues\blues.00003.wav,0
4,E:\Datasets\genres\blues\blues.00004.wav,0
5,E:\Datasets\genres\blues\blues.00005.wav,0
6,E:\Datasets\genres\blues\blues.00006.wav,0
7,E:\Datasets\genres\blues\blues.00007.wav,0
8,E:\Datasets\genres\blues\blues.00008.wav,0
9,E:\Datasets\genres\blues\blues.00009.wav,0
10,E:\Datasets\genres\blues\blues.00010.wav,0
11,E:\Datasets\genres\blues\blues.00011.wav,0
12,E:\Datasets\genres\blues\blues.00012.wav,0
13,E:\Datasets\genres\blues\blues.00013.wav,0
14,E:\Datasets\genres\blues\blues.00014.wav,0
15,E:\Datasets\genres\blues\blues.00015.wav,0
16,E:\Datasets\genres\blues\blues.00016.wav,0
17,E:\Datasets\genres\blues\blues.00017.wav,0
18,E:\Datasets\genres\blues\blues.00018.wav,0
19,E:\Datasets\genres\blues\blues.00019.wav,0
20,E:\Datasets\genres\blues\blues.00020.wav,0
21,E:\Datasets\genres\blues\blues.00021.wav,0
22,E:\Datasets\genres\blues\blues.00022.wav,0
23,E:\Datasets\genres\blues\blues.00023.wav,0
24,E:\Datasets\genres\blues\blues.00024.wav,0
25,E:\Datasets\genres\blues\blues.00025.wav,0
26,E:\Datasets\genres\blues\blues.00026.wav,0
27,E:\Datasets\genres\blues\blues.00027.wav,0
28,E:\Datasets\genres\blues\blues.00028.wav,0
29,E:\Datasets\genres\blues\blues.00029.wav,0
30,E:\Datasets\genres\blues\blues.00030.wav,0
31,E:\Datasets\genres\blues\blues.00031.wav,0
32,E:\Datasets\genres\blues\blues.00032.wav,0
33,E:\Datasets\genres\blues\blues.00033.wav,0
34,E:\Datasets\genres\blues\blues.00034.wav,0
35,E:\Datasets\genres\blues\blues.00035.wav,0
36,E:\Datasets\genres\blues\blues.00036.wav,0
37,E:\Datasets\genres\blues\blues.00037.wav,0
38,E:\Datasets\genres\blues\blues.00038.wav,0
39,E:\Datasets\genres\blues\blues.00039.wav,0
40,E:\Datasets\genres\blues\blues.00040.wav,0
41,E:\Datasets\genres\blues\blues.00041.wav,0
42,E:\Datasets\genres\blues\blues.00042.wav,0
43,E:\Datasets\genres\blues\blues.00043.wav,0
44,E:\Datasets\genres\blues\blues.00044.wav,0
45,E:\Datasets\genres\blues\blues.00045.wav,0
46,E:\Datasets\genres\blues\blues.00046.wav,0
47,E:\Datasets\genres\blues\blues.00047.wav,0
48,E:\Datasets\genres\blues\blues.00048.wav,0
49,E:\Datasets\genres\blues\blues.00049.wav,0
50,E:\Datasets\genres\blues\blues.00050.wav,0
51,E:\Datasets\genres\blues\blues.00051.wav,0
52,E:\Datasets\genres\blues\blues.00052.wav,0
53,E:\Datasets\genres\blues\blues.00053.wav,0
54,E:\Datasets\genres\blues\blues.00054.wav,0
55,E:\Datasets\genres\blues\blues.00055.wav,0
56,E:\Datasets\genres\blues\blues.00056.wav,0
57,E:\Datasets\genres\blues\blues.00057.wav,0
58,E:\Datasets\genres\blues\blues.00058.wav,0
59,E:\Datasets\genres\blues\blues.00059.wav,0
60,E:\Datasets\genres\blues\blues.00060.wav,0
61,E:\Datasets\genres\blues\blues.00061.wav,0
62,E:\Datasets\genres\blues\blues.00062.wav,0
63,E:\Datasets\genres\blues\blues.00063.wav,0
64,E:\Datasets\genres\blues\blues.00064.wav,0
65,E:\Datasets\genres\blues\blues.00065.wav,0
66,E:\Datasets\genres\blues\blues.00066.wav,0
67,E:\Datasets\genres\blues\blues.00067.wav,0
68,E:\Datasets\genres\blues\blues.00068.wav,0
69,E:\Datasets\genres\blues\blues.00069.wav,0
70,E:\Datasets\genres\blues\blues.00070.wav,0
71,E:\Datasets\genres\blues\blues.00071.wav,0
72,E:\Datasets\genres\blues\blues.00072.wav,0
73,E:\Datasets\genres\blues\blues.00073.wav,0
74,E:\Datasets\genres\blues\blues.00074.wav,0
75,E:\Datasets\genres\blues\blues.00075.wav,0
76,E:\Datasets\genres\blues\blues.00076.wav,0
77,E:\Datasets\genres\blues\blues.00077.wav,0
78,E:\Datasets\genres\blues\blues.00078.wav,0
79,E:\Datasets\genres\blues\blues.00079.wav,0
80,E:\Datasets\genres\blues\blues.00080.wav,0
81,E:\Datasets\genres\blues\blues.00081.wav,0
82,E:\Datasets\genres\blues\blues.00082.wav,0
83,E:\Datasets\genres\blues\blues.00083.wav,0
84,E:\Datasets\genres\blues\blues.00084.wav,0
85,E:\Datasets\genres\blues\blues.00085.wav,0
86,E:\Datasets\genres\blues\blues.00086.wav,0
87,E:\Datasets\genres\blues\blues.00087.wav,0
88,E:\Datasets\genres\blues\blues.00088.wav,0
89,E:\Datasets\genres\blues\blues.00089.wav,0
90,E:\Datasets\genres\blues\blues.00090.wav,0
91,E:\Datasets\genres\blues\blues.00091.wav,0
92,E:\Datasets\genres\blues\blues.00092.wav,0
93,E:\Datasets\genres\blues\blues.00093.wav,0
94,E:\Datasets\genres\blues\blues.00094.wav,0
95,E:\Datasets\genres\blues\blues.00095.wav,0
96,E:\Datasets\genres\blues\blues.00096.wav,0
97,E:\Datasets\genres\blues\blues.00097.wav,0
98,E:\Datasets\genres\blues\blues.00098.wav,0
99,E:\Datasets\genres\blues\blues.00099.wav,0
100,E:\Datasets\genres\classical\classical.00000.wav,1
101,E:\Datasets\genres\classical\classical.00001.wav,1
102,E:\Datasets\genres\classical\classical.00002.wav,1
103,E:\Datasets\genres\classical\classical.00003.wav,1
104,E:\Datasets\genres\classical\classical.00004.wav,1
105,E:\Datasets\genres\classical\classical.00005.wav,1
106,E:\Datasets\genres\classical\classical.00006.wav,1
107,E:\Datasets\genres\classical\classical.00007.wav,1
108,E:\Datasets\genres\classical\classical.00008.wav,1
109,E:\Datasets\genres\classical\classical.00009.wav,1
110,E:\Datasets\genres\classical\classical.00010.wav,1
111,E:\Datasets\genres\classical\classical.00011.wav,1
112,E:\Datasets\genres\classical\classical.00012.wav,1
113,E:\Datasets\genres\classical\classical.00013.wav,1
114,E:\Datasets\genres\classical\classical.00014.wav,1
115,E:\Datasets\genres\classical\classical.00015.wav,1
116,E:\Datasets\genres\classical\classical.00016.wav,1
117,E:\Datasets\genres\classical\classical.00017.wav,1
118,E:\Datasets\genres\classical\classical.00018.wav,1
119,E:\Datasets\genres\classical\classical.00019.wav,1
120,E:\Datasets\genres\classical\classical.00020.wav,1
121,E:\Datasets\genres\classical\classical.00021.wav,1
122,E:\Datasets\genres\classical\classical.00022.wav,1
123,E:\Datasets\genres\classical\classical.00023.wav,1
124,E:\Datasets\genres\classical\classical.00024.wav,1
125,E:\Datasets\genres\classical\classical.00025.wav,1
126,E:\Datasets\genres\classical\classical.00026.wav,1
127,E:\Datasets\genres\classical\classical.00027.wav,1
128,E:\Datasets\genres\classical\classical.00028.wav,1
129,E:\Datasets\genres\classical\classical.00029.wav,1
130,E:\Datasets\genres\classical\classical.00030.wav,1
131,E:\Datasets\genres\classical\classical.00031.wav,1
132,E:\Datasets\genres\classical\classical.00032.wav,1
133,E:\Datasets\genres\classical\classical.00033.wav,1
134,E:\Datasets\genres\classical\classical.00034.wav,1
135,E:\Datasets\genres\classical\classical.00035.wav,1
136,E:\Datasets\genres\classical\classical.00036.wav,1
137,E:\Datasets\genres\classical\classical.00037.wav,1
138,E:\Datasets\genres\classical\classical.00038.wav,1
139,E:\Datasets\genres\classical\classical.00039.wav,1
140,E:\Datasets\genres\classical\classical.00040.wav,1
141,E:\Datasets\genres\classical\classical.00041.wav,1
142,E:\Datasets\genres\classical\classical.00042.wav,1
143,E:\Datasets\genres\classical\classical.00043.wav,1
144,E:\Datasets\genres\classical\classical.00044.wav,1
145,E:\Datasets\genres\classical\classical.00045.wav,1
146,E:\Datasets\genres\classical\classical.00046.wav,1
147,E:\Datasets\genres\classical\classical.00047.wav,1
148,E:\Datasets\genres\classical\classical.00048.wav,1
149,E:\Datasets\genres\classical\classical.00049.wav,1
150,E:\Datasets\genres\classical\classical.00050.wav,1
151,E:\Datasets\genres\classical\classical.00051.wav,1
152,E:\Datasets\genres\classical\classical.00052.wav,1
153,E:\Datasets\genres\classical\classical.00053.wav,1
154,E:\Datasets\genres\classical\classical.00054.wav,1
155,E:\Datasets\genres\classical\classical.00055.wav,1
156,E:\Datasets\genres\classical\classical.00056.wav,1
157,E:\Datasets\genres\classical\classical.00057.wav,1
158,E:\Datasets\genres\classical\classical.00058.wav,1
159,E:\Datasets\genres\classical\classical.00059.wav,1
160,E:\Datasets\genres\classical\classical.00060.wav,1
161,E:\Datasets\genres\classical\classical.00061.wav,1
162,E:\Datasets\genres\classical\classical.00062.wav,1
163,E:\Datasets\genres\classical\classical.00063.wav,1
164,E:\Datasets\genres\classical\classical.00064.wav,1
165,E:\Datasets\genres\classical\classical.00065.wav,1
166,E:\Datasets\genres\classical\classical.00066.wav,1
167,E:\Datasets\genres\classical\classical.00067.wav,1
168,E:\Datasets\genres\classical\classical.00068.wav,1
169,E:\Datasets\genres\classical\classical.00069.wav,1
170,E:\Datasets\genres\classical\classical.00070.wav,1
171,E:\Datasets\genres\classical\classical.00071.wav,1
172,E:\Datasets\genres\classical\classical.00072.wav,1
173,E:\Datasets\genres\classical\classical.00073.wav,1
174,E:\Datasets\genres\classical\classical.00074.wav,1
175,E:\Datasets\genres\classical\classical.00075.wav,1
176,E:\Datasets\genres\classical\classical.00076.wav,1
177,E:\Datasets\genres\classical\classical.00077.wav,1
178,E:\Datasets\genres\classical\classical.00078.wav,1
179,E:\Datasets\genres\classical\classical.00079.wav,1
180,E:\Datasets\genres\classical\classical.00080.wav,1
181,E:\Datasets\genres\classical\classical.00081.wav,1
182,E:\Datasets\genres\classical\classical.00082.wav,1
183,E:\Datasets\genres\classical\classical.00083.wav,1
184,E:\Datasets\genres\classical\classical.00084.wav,1
185,E:\Datasets\genres\classical\classical.00085.wav,1
186,E:\Datasets\genres\classical\classical.00086.wav,1
187,E:\Datasets\genres\classical\classical.00087.wav,1
188,E:\Datasets\genres\classical\classical.00088.wav,1
189,E:\Datasets\genres\classical\classical.00089.wav,1
190,E:\Datasets\genres\classical\classical.00090.wav,1
191,E:\Datasets\genres\classical\classical.00091.wav,1
192,E:\Datasets\genres\classical\classical.00092.wav,1
193,E:\Datasets\genres\classical\classical.00093.wav,1
194,E:\Datasets\genres\classical\classical.00094.wav,1
195,E:\Datasets\genres\classical\classical.00095.wav,1
196,E:\Datasets\genres\classical\classical.00096.wav,1
197,E:\Datasets\genres\classical\classical.00097.wav,1
198,E:\Datasets\genres\classical\classical.00098.wav,1
199,E:\Datasets\genres\classical\classical.00099.wav,1
200,E:\Datasets\genres\country\country.00000.wav,2
201,E:\Datasets\genres\country\country.00001.wav,2
202,E:\Datasets\genres\country\country.00002.wav,2
203,E:\Datasets\genres\country\country.00003.wav,2
204,E:\Datasets\genres\country\country.00004.wav,2
205,E:\Datasets\genres\country\country.00005.wav,2
206,E:\Datasets\genres\country\country.00006.wav,2
207,E:\Datasets\genres\country\country.00007.wav,2
208,E:\Datasets\genres\country\country.00008.wav,2
209,E:\Datasets\genres\country\country.00009.wav,2
210,E:\Datasets\genres\country\country.00010.wav,2
211,E:\Datasets\genres\country\country.00011.wav,2
212,E:\Datasets\genres\country\country.00012.wav,2
213,E:\Datasets\genres\country\country.00013.wav,2
214,E:\Datasets\genres\country\country.00014.wav,2
215,E:\Datasets\genres\country\country.00015.wav,2
216,E:\Datasets\genres\country\country.00016.wav,2
217,E:\Datasets\genres\country\country.00017.wav,2
218,E:\Datasets\genres\country\country.00018.wav,2
219,E:\Datasets\genres\country\country.00019.wav,2
220,E:\Datasets\genres\country\country.00020.wav,2
221,E:\Datasets\genres\country\country.00021.wav,2
222,E:\Datasets\genres\country\country.00022.wav,2
223,E:\Datasets\genres\country\country.00023.wav,2
224,E:\Datasets\genres\country\country.00024.wav,2
225,E:\Datasets\genres\country\country.00025.wav,2
226,E:\Datasets\genres\country\country.00026.wav,2
227,E:\Datasets\genres\country\country.00027.wav,2
228,E:\Datasets\genres\country\country.00028.wav,2
229,E:\Datasets\genres\country\country.00029.wav,2
230,E:\Datasets\genres\country\country.00030.wav,2
231,E:\Datasets\genres\country\country.00031.wav,2
232,E:\Datasets\genres\country\country.00032.wav,2
233,E:\Datasets\genres\country\country.00033.wav,2
234,E:\Datasets\genres\country\country.00034.wav,2
235,E:\Datasets\genres\country\country.00035.wav,2
236,E:\Datasets\genres\country\country.00036.wav,2
237,E:\Datasets\genres\country\country.00037.wav,2
238,E:\Datasets\genres\country\country.00038.wav,2
239,E:\Datasets\genres\country\country.00039.wav,2
240,E:\Datasets\genres\country\country.00040.wav,2
241,E:\Datasets\genres\country\country.00041.wav,2
242,E:\Datasets\genres\country\country.00042.wav,2
243,E:\Datasets\genres\country\country.00043.wav,2
244,E:\Datasets\genres\country\country.00044.wav,2
245,E:\Datasets\genres\country\country.00045.wav,2
246,E:\Datasets\genres\country\country.00046.wav,2
247,E:\Datasets\genres\country\country.00047.wav,2
248,E:\Datasets\genres\country\country.00048.wav,2
249,E:\Datasets\genres\country\country.00049.wav,2
250,E:\Datasets\genres\country\country.00050.wav,2
251,E:\Datasets\genres\country\country.00051.wav,2
252,E:\Datasets\genres\country\country.00052.wav,2
253,E:\Datasets\genres\country\country.00053.wav,2
254,E:\Datasets\genres\country\country.00054.wav,2
255,E:\Datasets\genres\country\country.00055.wav,2
256,E:\Datasets\genres\country\country.00056.wav,2
257,E:\Datasets\genres\country\country.00057.wav,2
258,E:\Datasets\genres\country\country.00058.wav,2
259,E:\Datasets\genres\country\country.00059.wav,2
260,E:\Datasets\genres\country\country.00060.wav,2
261,E:\Datasets\genres\country\country.00061.wav,2
262,E:\Datasets\genres\country\country.00062.wav,2
263,E:\Datasets\genres\country\country.00063.wav,2
264,E:\Datasets\genres\country\country.00064.wav,2
265,E:\Datasets\genres\country\country.00065.wav,2
266,E:\Datasets\genres\country\country.00066.wav,2
267,E:\Datasets\genres\country\country.00067.wav,2
268,E:\Datasets\genres\country\country.00068.wav,2
269,E:\Datasets\genres\country\country.00069.wav,2
270,E:\Datasets\genres\country\country.00070.wav,2
271,E:\Datasets\genres\country\country.00071.wav,2
272,E:\Datasets\genres\country\country.00072.wav,2
273,E:\Datasets\genres\country\country.00073.wav,2
274,E:\Datasets\genres\country\country.00074.wav,2
275,E:\Datasets\genres\country\country.00075.wav,2
276,E:\Datasets\genres\country\country.00076.wav,2
277,E:\Datasets\genres\country\country.00077.wav,2
278,E:\Datasets\genres\country\country.00078.wav,2
279,E:\Datasets\genres\country\country.00079.wav,2
280,E:\Datasets\genres\country\country.00080.wav,2
281,E:\Datasets\genres\country\country.00081.wav,2
282,E:\Datasets\genres\country\country.00082.wav,2
283,E:\Datasets\genres\country\country.00083.wav,2
284,E:\Datasets\genres\country\country.00084.wav,2
285,E:\Datasets\genres\country\country.00085.wav,2
286,E:\Datasets\genres\country\country.00086.wav,2
287,E:\Datasets\genres\country\country.00087.wav,2
288,E:\Datasets\genres\country\country.00088.wav,2
289,E:\Datasets\genres\country\country.00089.wav,2
290,E:\Datasets\genres\country\country.00090.wav,2
291,E:\Datasets\genres\country\country.00091.wav,2
292,E:\Datasets\genres\country\country.00092.wav,2
293,E:\Datasets\genres\country\country.00093.wav,2
294,E:\Datasets\genres\country\country.00094.wav,2
295,E:\Datasets\genres\country\country.00095.wav,2
296,E:\Datasets\genres\country\country.00096.wav,2
297,E:\Datasets\genres\country\country.00097.wav,2
298,E:\Datasets\genres\country\country.00098.wav,2
299,E:\Datasets\genres\country\country.00099.wav,2
300,E:\Datasets\genres\disco\disco.00000.wav,3
301,E:\Datasets\genres\disco\disco.00001.wav,3
302,E:\Datasets\genres\disco\disco.00002.wav,3
303,E:\Datasets\genres\disco\disco.00003.wav,3
304,E:\Datasets\genres\disco\disco.00004.wav,3
305,E:\Datasets\genres\disco\disco.00005.wav,3
306,E:\Datasets\genres\disco\disco.00006.wav,3
307,E:\Datasets\genres\disco\disco.00007.wav,3
308,E:\Datasets\genres\disco\disco.00008.wav,3
309,E:\Datasets\genres\disco\disco.00009.wav,3
310,E:\Datasets\genres\disco\disco.00010.wav,3
311,E:\Datasets\genres\disco\disco.00011.wav,3
312,E:\Datasets\genres\disco\disco.00012.wav,3
313,E:\Datasets\genres\disco\disco.00013.wav,3
314,E:\Datasets\genres\disco\disco.00014.wav,3
315,E:\Datasets\genres\disco\disco.00015.wav,3
316,E:\Datasets\genres\disco\disco.00016.wav,3
317,E:\Datasets\genres\disco\disco.00017.wav,3
318,E:\Datasets\genres\disco\disco.00018.wav,3
319,E:\Datasets\genres\disco\disco.00019.wav,3
320,E:\Datasets\genres\disco\disco.00020.wav,3
321,E:\Datasets\genres\disco\disco.00021.wav,3
322,E:\Datasets\genres\disco\disco.00022.wav,3
323,E:\Datasets\genres\disco\disco.00023.wav,3
324,E:\Datasets\genres\disco\disco.00024.wav,3
325,E:\Datasets\genres\disco\disco.00025.wav,3
326,E:\Datasets\genres\disco\disco.00026.wav,3
327,E:\Datasets\genres\disco\disco.00027.wav,3
328,E:\Datasets\genres\disco\disco.00028.wav,3
329,E:\Datasets\genres\disco\disco.00029.wav,3
330,E:\Datasets\genres\disco\disco.00030.wav,3
331,E:\Datasets\genres\disco\disco.00031.wav,3
332,E:\Datasets\genres\disco\disco.00032.wav,3
333,E:\Datasets\genres\disco\disco.00033.wav,3
334,E:\Datasets\genres\disco\disco.00034.wav,3
335,E:\Datasets\genres\disco\disco.00035.wav,3
336,E:\Datasets\genres\disco\disco.00036.wav,3
337,E:\Datasets\genres\disco\disco.00037.wav,3
338,E:\Datasets\genres\disco\disco.00038.wav,3
339,E:\Datasets\genres\disco\disco.00039.wav,3
340,E:\Datasets\genres\disco\disco.00040.wav,3
341,E:\Datasets\genres\disco\disco.00041.wav,3
342,E:\Datasets\genres\disco\disco.00042.wav,3
343,E:\Datasets\genres\disco\disco.00043.wav,3
344,E:\Datasets\genres\disco\disco.00044.wav,3
345,E:\Datasets\genres\disco\disco.00045.wav,3
346,E:\Datasets\genres\disco\disco.00046.wav,3
347,E:\Datasets\genres\disco\disco.00047.wav,3
348,E:\Datasets\genres\disco\disco.00048.wav,3
349,E:\Datasets\genres\disco\disco.00049.wav,3
350,E:\Datasets\genres\disco\disco.00050.wav,3
351,E:\Datasets\genres\disco\disco.00051.wav,3
352,E:\Datasets\genres\disco\disco.00052.wav,3
353,E:\Datasets\genres\disco\disco.00053.wav,3
354,E:\Datasets\genres\disco\disco.00054.wav,3
355,E:\Datasets\genres\disco\disco.00055.wav,3
356,E:\Datasets\genres\disco\disco.00056.wav,3
357,E:\Datasets\genres\disco\disco.00057.wav,3
358,E:\Datasets\genres\disco\disco.00058.wav,3
359,E:\Datasets\genres\disco\disco.00059.wav,3
360,E:\Datasets\genres\disco\disco.00060.wav,3
361,E:\Datasets\genres\disco\disco.00061.wav,3
362,E:\Datasets\genres\disco\disco.00062.wav,3
363,E:\Datasets\genres\disco\disco.00063.wav,3
364,E:\Datasets\genres\disco\disco.00064.wav,3
365,E:\Datasets\genres\disco\disco.00065.wav,3
366,E:\Datasets\genres\disco\disco.00066.wav,3
367,E:\Datasets\genres\disco\disco.00067.wav,3
368,E:\Datasets\genres\disco\disco.00068.wav,3
369,E:\Datasets\genres\disco\disco.00069.wav,3
370,E:\Datasets\genres\disco\disco.00070.wav,3
371,E:\Datasets\genres\disco\disco.00071.wav,3
372,E:\Datasets\genres\disco\disco.00072.wav,3
373,E:\Datasets\genres\disco\disco.00073.wav,3
374,E:\Datasets\genres\disco\disco.00074.wav,3
375,E:\Datasets\genres\disco\disco.00075.wav,3
376,E:\Datasets\genres\disco\disco.00076.wav,3
377,E:\Datasets\genres\disco\disco.00077.wav,3
378,E:\Datasets\genres\disco\disco.00078.wav,3
379,E:\Datasets\genres\disco\disco.00079.wav,3
380,E:\Datasets\genres\disco\disco.00080.wav,3
381,E:\Datasets\genres\disco\disco.00081.wav,3
382,E:\Datasets\genres\disco\disco.00082.wav,3
383,E:\Datasets\genres\disco\disco.00083.wav,3
384,E:\Datasets\genres\disco\disco.00084.wav,3
385,E:\Datasets\genres\disco\disco.00085.wav,3
386,E:\Datasets\genres\disco\disco.00086.wav,3
387,E:\Datasets\genres\disco\disco.00087.wav,3
388,E:\Datasets\genres\disco\disco.00088.wav,3
389,E:\Datasets\genres\disco\disco.00089.wav,3
390,E:\Datasets\genres\disco\disco.00090.wav,3
391,E:\Datasets\genres\disco\disco.00091.wav,3
392,E:\Datasets\genres\disco\disco.00092.wav,3
393,E:\Datasets\genres\disco\disco.00093.wav,3
394,E:\Datasets\genres\disco\disco.00094.wav,3
395,E:\Datasets\genres\disco\disco.00095.wav,3
396,E:\Datasets\genres\disco\disco.00096.wav,3
397,E:\Datasets\genres\disco\disco.00097.wav,3
398,E:\Datasets\genres\disco\disco.00098.wav,3
399,E:\Datasets\genres\disco\disco.00099.wav,3
400,E:\Datasets\genres\hiphop\hiphop.00000.wav,4
401,E:\Datasets\genres\hiphop\hiphop.00001.wav,4
402,E:\Datasets\genres\hiphop\hiphop.00002.wav,4
403,E:\Datasets\genres\hiphop\hiphop.00003.wav,4
404,E:\Datasets\genres\hiphop\hiphop.00004.wav,4
405,E:\Datasets\genres\hiphop\hiphop.00005.wav,4
406,E:\Datasets\genres\hiphop\hiphop.00006.wav,4
407,E:\Datasets\genres\hiphop\hiphop.00007.wav,4
408,E:\Datasets\genres\hiphop\hiphop.00008.wav,4
409,E:\Datasets\genres\hiphop\hiphop.00009.wav,4
410,E:\Datasets\genres\hiphop\hiphop.00010.wav,4
411,E:\Datasets\genres\hiphop\hiphop.00011.wav,4
412,E:\Datasets\genres\hiphop\hiphop.00012.wav,4
413,E:\Datasets\genres\hiphop\hiphop.00013.wav,4
414,E:\Datasets\genres\hiphop\hiphop.00014.wav,4
415,E:\Datasets\genres\hiphop\hiphop.00015.wav,4
416,E:\Datasets\genres\hiphop\hiphop.00016.wav,4
417,E:\Datasets\genres\hiphop\hiphop.00017.wav,4
418,E:\Datasets\genres\hiphop\hiphop.00018.wav,4
419,E:\Datasets\genres\hiphop\hiphop.00019.wav,4
420,E:\Datasets\genres\hiphop\hiphop.00020.wav,4
421,E:\Datasets\genres\hiphop\hiphop.00021.wav,4
422,E:\Datasets\genres\hiphop\hiphop.00022.wav,4
423,E:\Datasets\genres\hiphop\hiphop.00023.wav,4
424,E:\Datasets\genres\hiphop\hiphop.00024.wav,4
425,E:\Datasets\genres\hiphop\hiphop.00025.wav,4
426,E:\Datasets\genres\hiphop\hiphop.00026.wav,4
427,E:\Datasets\genres\hiphop\hiphop.00027.wav,4
428,E:\Datasets\genres\hiphop\hiphop.00028.wav,4
429,E:\Datasets\genres\hiphop\hiphop.00029.wav,4
430,E:\Datasets\genres\hiphop\hiphop.00030.wav,4
431,E:\Datasets\genres\hiphop\hiphop.00031.wav,4
432,E:\Datasets\genres\hiphop\hiphop.00032.wav,4
433,E:\Datasets\genres\hiphop\hiphop.00033.wav,4
434,E:\Datasets\genres\hiphop\hiphop.00034.wav,4
435,E:\Datasets\genres\hiphop\hiphop.00035.wav,4
436,E:\Datasets\genres\hiphop\hiphop.00036.wav,4
437,E:\Datasets\genres\hiphop\hiphop.00037.wav,4
438,E:\Datasets\genres\hiphop\hiphop.00038.wav,4
439,E:\Datasets\genres\hiphop\hiphop.00039.wav,4
440,E:\Datasets\genres\hiphop\hiphop.00040.wav,4
441,E:\Datasets\genres\hiphop\hiphop.00041.wav,4
442,E:\Datasets\genres\hiphop\hiphop.00042.wav,4
443,E:\Datasets\genres\hiphop\hiphop.00043.wav,4
444,E:\Datasets\genres\hiphop\hiphop.00044.wav,4
445,E:\Datasets\genres\hiphop\hiphop.00045.wav,4
446,E:\Datasets\genres\hiphop\hiphop.00046.wav,4
447,E:\Datasets\genres\hiphop\hiphop.00047.wav,4
448,E:\Datasets\genres\hiphop\hiphop.00048.wav,4
449,E:\Datasets\genres\hiphop\hiphop.00049.wav,4
450,E:\Datasets\genres\hiphop\hiphop.00050.wav,4
451,E:\Datasets\genres\hiphop\hiphop.00051.wav,4
452,E:\Datasets\genres\hiphop\hiphop.00052.wav,4
453,E:\Datasets\genres\hiphop\hiphop.00053.wav,4
454,E:\Datasets\genres\hiphop\hiphop.00054.wav,4
455,E:\Datasets\genres\hiphop\hiphop.00055.wav,4
456,E:\Datasets\genres\hiphop\hiphop.00056.wav,4
457,E:\Datasets\genres\hiphop\hiphop.00057.wav,4
458,E:\Datasets\genres\hiphop\hiphop.00058.wav,4
459,E:\Datasets\genres\hiphop\hiphop.00059.wav,4
460,E:\Datasets\genres\hiphop\hiphop.00060.wav,4
461,E:\Datasets\genres\hiphop\hiphop.00061.wav,4
462,E:\Datasets\genres\hiphop\hiphop.00062.wav,4
463,E:\Datasets\genres\hiphop\hiphop.00063.wav,4
464,E:\Datasets\genres\hiphop\hiphop.00064.wav,4
465,E:\Datasets\genres\hiphop\hiphop.00065.wav,4
466,E:\Datasets\genres\hiphop\hiphop.00066.wav,4
467,E:\Datasets\genres\hiphop\hiphop.00067.wav,4
468,E:\Datasets\genres\hiphop\hiphop.00068.wav,4
469,E:\Datasets\genres\hiphop\hiphop.00069.wav,4
470,E:\Datasets\genres\hiphop\hiphop.00070.wav,4
471,E:\Datasets\genres\hiphop\hiphop.00071.wav,4
472,E:\Datasets\genres\hiphop\hiphop.00072.wav,4
473,E:\Datasets\genres\hiphop\hiphop.00073.wav,4
474,E:\Datasets\genres\hiphop\hiphop.00074.wav,4
475,E:\Datasets\genres\hiphop\hiphop.00075.wav,4
476,E:\Datasets\genres\hiphop\hiphop.00076.wav,4
477,E:\Datasets\genres\hiphop\hiphop.00077.wav,4
478,E:\Datasets\genres\hiphop\hiphop.00078.wav,4
479,E:\Datasets\genres\hiphop\hiphop.00079.wav,4
480,E:\Datasets\genres\hiphop\hiphop.00080.wav,4
481,E:\Datasets\genres\hiphop\hiphop.00081.wav,4
482,E:\Datasets\genres\hiphop\hiphop.00082.wav,4
483,E:\Datasets\genres\hiphop\hiphop.00083.wav,4
484,E:\Datasets\genres\hiphop\hiphop.00084.wav,4
485,E:\Datasets\genres\hiphop\hiphop.00085.wav,4
486,E:\Datasets\genres\hiphop\hiphop.00086.wav,4
487,E:\Datasets\genres\hiphop\hiphop.00087.wav,4
488,E:\Datasets\genres\hiphop\hiphop.00088.wav,4
489,E:\Datasets\genres\hiphop\hiphop.00089.wav,4
490,E:\Datasets\genres\hiphop\hiphop.00090.wav,4
491,E:\Datasets\genres\hiphop\hiphop.00091.wav,4
492,E:\Datasets\genres\hiphop\hiphop.00092.wav,4
493,E:\Datasets\genres\hiphop\hiphop.00093.wav,4
494,E:\Datasets\genres\hiphop\hiphop.00094.wav,4
495,E:\Datasets\genres\hiphop\hiphop.00095.wav,4
496,E:\Datasets\genres\hiphop\hiphop.00096.wav,4
497,E:\Datasets\genres\hiphop\hiphop.00097.wav,4
498,E:\Datasets\genres\hiphop\hiphop.00098.wav,4
499,E:\Datasets\genres\hiphop\hiphop.00099.wav,4
500,E:\Datasets\genres\jazz\jazz.00000.wav,5
501,E:\Datasets\genres\jazz\jazz.00001.wav,5
502,E:\Datasets\genres\jazz\jazz.00002.wav,5
503,E:\Datasets\genres\jazz\jazz.00003.wav,5
504,E:\Datasets\genres\jazz\jazz.00004.wav,5
505,E:\Datasets\genres\jazz\jazz.00005.wav,5
506,E:\Datasets\genres\jazz\jazz.00006.wav,5
507,E:\Datasets\genres\jazz\jazz.00007.wav,5
508,E:\Datasets\genres\jazz\jazz.00008.wav,5
509,E:\Datasets\genres\jazz\jazz.00009.wav,5
510,E:\Datasets\genres\jazz\jazz.00010.wav,5
511,E:\Datasets\genres\jazz\jazz.00011.wav,5
512,E:\Datasets\genres\jazz\jazz.00012.wav,5
513,E:\Datasets\genres\jazz\jazz.00013.wav,5
514,E:\Datasets\genres\jazz\jazz.00014.wav,5
515,E:\Datasets\genres\jazz\jazz.00015.wav,5
516,E:\Datasets\genres\jazz\jazz.00016.wav,5
517,E:\Datasets\genres\jazz\jazz.00017.wav,5
518,E:\Datasets\genres\jazz\jazz.00018.wav,5
519,E:\Datasets\genres\jazz\jazz.00019.wav,5
520,E:\Datasets\genres\jazz\jazz.00020.wav,5
521,E:\Datasets\genres\jazz\jazz.00021.wav,5
522,E:\Datasets\genres\jazz\jazz.00022.wav,5
523,E:\Datasets\genres\jazz\jazz.00023.wav,5
524,E:\Datasets\genres\jazz\jazz.00024.wav,5
525,E:\Datasets\genres\jazz\jazz.00025.wav,5
526,E:\Datasets\genres\jazz\jazz.00026.wav,5
527,E:\Datasets\genres\jazz\jazz.00027.wav,5
528,E:\Datasets\genres\jazz\jazz.00028.wav,5
529,E:\Datasets\genres\jazz\jazz.00029.wav,5
530,E:\Datasets\genres\jazz\jazz.00030.wav,5
531,E:\Datasets\genres\jazz\jazz.00031.wav,5
532,E:\Datasets\genres\jazz\jazz.00032.wav,5
533,E:\Datasets\genres\jazz\jazz.00033.wav,5
534,E:\Datasets\genres\jazz\jazz.00034.wav,5
535,E:\Datasets\genres\jazz\jazz.00035.wav,5
536,E:\Datasets\genres\jazz\jazz.00036.wav,5
537,E:\Datasets\genres\jazz\jazz.00037.wav,5
538,E:\Datasets\genres\jazz\jazz.00038.wav,5
539,E:\Datasets\genres\jazz\jazz.00039.wav,5
540,E:\Datasets\genres\jazz\jazz.00040.wav,5
541,E:\Datasets\genres\jazz\jazz.00041.wav,5
542,E:\Datasets\genres\jazz\jazz.00042.wav,5
543,E:\Datasets\genres\jazz\jazz.00043.wav,5
544,E:\Datasets\genres\jazz\jazz.00044.wav,5
545,E:\Datasets\genres\jazz\jazz.00045.wav,5
546,E:\Datasets\genres\jazz\jazz.00046.wav,5
547,E:\Datasets\genres\jazz\jazz.00047.wav,5
548,E:\Datasets\genres\jazz\jazz.00048.wav,5
549,E:\Datasets\genres\jazz\jazz.00049.wav,5
550,E:\Datasets\genres\jazz\jazz.00050.wav,5
551,E:\Datasets\genres\jazz\jazz.00051.wav,5
552,E:\Datasets\genres\jazz\jazz.00052.wav,5
553,E:\Datasets\genres\jazz\jazz.00053.wav,5
554,E:\Datasets\genres\jazz\jazz.00054.wav,5
555,E:\Datasets\genres\jazz\jazz.00055.wav,5
556,E:\Datasets\genres\jazz\jazz.00056.wav,5
557,E:\Datasets\genres\jazz\jazz.00057.wav,5
558,E:\Datasets\genres\jazz\jazz.00058.wav,5
559,E:\Datasets\genres\jazz\jazz.00059.wav,5
560,E:\Datasets\genres\jazz\jazz.00060.wav,5
561,E:\Datasets\genres\jazz\jazz.00061.wav,5
562,E:\Datasets\genres\jazz\jazz.00062.wav,5
563,E:\Datasets\genres\jazz\jazz.00063.wav,5
564,E:\Datasets\genres\jazz\jazz.00064.wav,5
565,E:\Datasets\genres\jazz\jazz.00065.wav,5
566,E:\Datasets\genres\jazz\jazz.00066.wav,5
567,E:\Datasets\genres\jazz\jazz.00067.wav,5
568,E:\Datasets\genres\jazz\jazz.00068.wav,5
569,E:\Datasets\genres\jazz\jazz.00069.wav,5
570,E:\Datasets\genres\jazz\jazz.00070.wav,5
571,E:\Datasets\genres\jazz\jazz.00071.wav,5
572,E:\Datasets\genres\jazz\jazz.00072.wav,5
573,E:\Datasets\genres\jazz\jazz.00073.wav,5
574,E:\Datasets\genres\jazz\jazz.00074.wav,5
575,E:\Datasets\genres\jazz\jazz.00075.wav,5
576,E:\Datasets\genres\jazz\jazz.00076.wav,5
577,E:\Datasets\genres\jazz\jazz.00077.wav,5
578,E:\Datasets\genres\jazz\jazz.00078.wav,5
579,E:\Datasets\genres\jazz\jazz.00079.wav,5
580,E:\Datasets\genres\jazz\jazz.00080.wav,5
581,E:\Datasets\genres\jazz\jazz.00081.wav,5
582,E:\Datasets\genres\jazz\jazz.00082.wav,5
583,E:\Datasets\genres\jazz\jazz.00083.wav,5
584,E:\Datasets\genres\jazz\jazz.00084.wav,5
585,E:\Datasets\genres\jazz\jazz.00085.wav,5
586,E:\Datasets\genres\jazz\jazz.00086.wav,5
587,E:\Datasets\genres\jazz\jazz.00087.wav,5
588,E:\Datasets\genres\jazz\jazz.00088.wav,5
589,E:\Datasets\genres\jazz\jazz.00089.wav,5
590,E:\Datasets\genres\jazz\jazz.00090.wav,5
591,E:\Datasets\genres\jazz\jazz.00091.wav,5
592,E:\Datasets\genres\jazz\jazz.00092.wav,5
593,E:\Datasets\genres\jazz\jazz.00093.wav,5
594,E:\Datasets\genres\jazz\jazz.00094.wav,5
595,E:\Datasets\genres\jazz\jazz.00095.wav,5
596,E:\Datasets\genres\jazz\jazz.00096.wav,5
597,E:\Datasets\genres\jazz\jazz.00097.wav,5
598,E:\Datasets\genres\jazz\jazz.00098.wav,5
599,E:\Datasets\genres\jazz\jazz.00099.wav,5
600,E:\Datasets\genres\metal\metal.00000.wav,6
601,E:\Datasets\genres\metal\metal.00001.wav,6
602,E:\Datasets\genres\metal\metal.00002.wav,6
603,E:\Datasets\genres\metal\metal.00003.wav,6
604,E:\Datasets\genres\metal\metal.00004.wav,6
605,E:\Datasets\genres\metal\metal.00005.wav,6
606,E:\Datasets\genres\metal\metal.00006.wav,6
607,E:\Datasets\genres\metal\metal.00007.wav,6
608,E:\Datasets\genres\metal\metal.00008.wav,6
609,E:\Datasets\genres\metal\metal.00009.wav,6
610,E:\Datasets\genres\metal\metal.00010.wav,6
611,E:\Datasets\genres\metal\metal.00011.wav,6
612,E:\Datasets\genres\metal\metal.00012.wav,6
613,E:\Datasets\genres\metal\metal.00013.wav,6
614,E:\Datasets\genres\metal\metal.00014.wav,6
615,E:\Datasets\genres\metal\metal.00015.wav,6
616,E:\Datasets\genres\metal\metal.00016.wav,6
617,E:\Datasets\genres\metal\metal.00017.wav,6
618,E:\Datasets\genres\metal\metal.00018.wav,6
619,E:\Datasets\genres\metal\metal.00019.wav,6
620,E:\Datasets\genres\metal\metal.00020.wav,6
621,E:\Datasets\genres\metal\metal.00021.wav,6
622,E:\Datasets\genres\metal\metal.00022.wav,6
623,E:\Datasets\genres\metal\metal.00023.wav,6
624,E:\Datasets\genres\metal\metal.00024.wav,6
625,E:\Datasets\genres\metal\metal.00025.wav,6
626,E:\Datasets\genres\metal\metal.00026.wav,6
627,E:\Datasets\genres\metal\metal.00027.wav,6
628,E:\Datasets\genres\metal\metal.00028.wav,6
629,E:\Datasets\genres\metal\metal.00029.wav,6
630,E:\Datasets\genres\metal\metal.00030.wav,6
631,E:\Datasets\genres\metal\metal.00031.wav,6
632,E:\Datasets\genres\metal\metal.00032.wav,6
633,E:\Datasets\genres\metal\metal.00033.wav,6
634,E:\Datasets\genres\metal\metal.00034.wav,6
635,E:\Datasets\genres\metal\metal.00035.wav,6
636,E:\Datasets\genres\metal\metal.00036.wav,6
637,E:\Datasets\genres\metal\metal.00037.wav,6
638,E:\Datasets\genres\metal\metal.00038.wav,6
639,E:\Datasets\genres\metal\metal.00039.wav,6
640,E:\Datasets\genres\metal\metal.00040.wav,6
641,E:\Datasets\genres\metal\metal.00041.wav,6
642,E:\Datasets\genres\metal\metal.00042.wav,6
643,E:\Datasets\genres\metal\metal.00043.wav,6
644,E:\Datasets\genres\metal\metal.00044.wav,6
645,E:\Datasets\genres\metal\metal.00045.wav,6
646,E:\Datasets\genres\metal\metal.00046.wav,6
647,E:\Datasets\genres\metal\metal.00047.wav,6
648,E:\Datasets\genres\metal\metal.00048.wav,6
649,E:\Datasets\genres\metal\metal.00049.wav,6
650,E:\Datasets\genres\metal\metal.00050.wav,6
651,E:\Datasets\genres\metal\metal.00051.wav,6
652,E:\Datasets\genres\metal\metal.00052.wav,6
653,E:\Datasets\genres\metal\metal.00053.wav,6
654,E:\Datasets\genres\metal\metal.00054.wav,6
655,E:\Datasets\genres\metal\metal.00055.wav,6
656,E:\Datasets\genres\metal\metal.00056.wav,6
657,E:\Datasets\genres\metal\metal.00057.wav,6
658,E:\Datasets\genres\metal\metal.00058.wav,6
659,E:\Datasets\genres\metal\metal.00059.wav,6
660,E:\Datasets\genres\metal\metal.00060.wav,6
661,E:\Datasets\genres\metal\metal.00061.wav,6
662,E:\Datasets\genres\metal\metal.00062.wav,6
663,E:\Datasets\genres\metal\metal.00063.wav,6
664,E:\Datasets\genres\metal\metal.00064.wav,6
665,E:\Datasets\genres\metal\metal.00065.wav,6
666,E:\Datasets\genres\metal\metal.00066.wav,6
667,E:\Datasets\genres\metal\metal.00067.wav,6
668,E:\Datasets\genres\metal\metal.00068.wav,6
669,E:\Datasets\genres\metal\metal.00069.wav,6
670,E:\Datasets\genres\metal\metal.00070.wav,6
671,E:\Datasets\genres\metal\metal.00071.wav,6
672,E:\Datasets\genres\metal\metal.00072.wav,6
673,E:\Datasets\genres\metal\metal.00073.wav,6
674,E:\Datasets\genres\metal\metal.00074.wav,6
675,E:\Datasets\genres\metal\metal.00075.wav,6
676,E:\Datasets\genres\metal\metal.00076.wav,6
677,E:\Datasets\genres\metal\metal.00077.wav,6
678,E:\Datasets\genres\metal\metal.00078.wav,6
679,E:\Datasets\genres\metal\metal.00079.wav,6
680,E:\Datasets\genres\metal\metal.00080.wav,6
681,E:\Datasets\genres\metal\metal.00081.wav,6
682,E:\Datasets\genres\metal\metal.00082.wav,6
683,E:\Datasets\genres\metal\metal.00083.wav,6
684,E:\Datasets\genres\metal\metal.00084.wav,6
685,E:\Datasets\genres\metal\metal.00085.wav,6
686,E:\Datasets\genres\metal\metal.00086.wav,6
687,E:\Datasets\genres\metal\metal.00087.wav,6
688,E:\Datasets\genres\metal\metal.00088.wav,6
689,E:\Datasets\genres\metal\metal.00089.wav,6
690,E:\Datasets\genres\metal\metal.00090.wav,6
691,E:\Datasets\genres\metal\metal.00091.wav,6
692,E:\Datasets\genres\metal\metal.00092.wav,6
693,E:\Datasets\genres\metal\metal.00093.wav,6
694,E:\Datasets\genres\metal\metal.00094.wav,6
695,E:\Datasets\genres\metal\metal.00095.wav,6
696,E:\Datasets\genres\metal\metal.00096.wav,6
697,E:\Datasets\genres\metal\metal.00097.wav,6
698,E:\Datasets\genres\metal\metal.00098.wav,6
699,E:\Datasets\genres\metal\metal.00099.wav,6
700,E:\Datasets\genres\pop\pop.00000.wav,7
701,E:\Datasets\genres\pop\pop.00001.wav,7
702,E:\Datasets\genres\pop\pop.00002.wav,7
703,E:\Datasets\genres\pop\pop.00003.wav,7
704,E:\Datasets\genres\pop\pop.00004.wav,7
705,E:\Datasets\genres\pop\pop.00005.wav,7
706,E:\Datasets\genres\pop\pop.00006.wav,7
707,E:\Datasets\genres\pop\pop.00007.wav,7
708,E:\Datasets\genres\pop\pop.00008.wav,7
709,E:\Datasets\genres\pop\pop.00009.wav,7
710,E:\Datasets\genres\pop\pop.00010.wav,7
711,E:\Datasets\genres\pop\pop.00011.wav,7
712,E:\Datasets\genres\pop\pop.00012.wav,7
713,E:\Datasets\genres\pop\pop.00013.wav,7
714,E:\Datasets\genres\pop\pop.00014.wav,7
715,E:\Datasets\genres\pop\pop.00015.wav,7
716,E:\Datasets\genres\pop\pop.00016.wav,7
717,E:\Datasets\genres\pop\pop.00017.wav,7
718,E:\Datasets\genres\pop\pop.00018.wav,7
719,E:\Datasets\genres\pop\pop.00019.wav,7
720,E:\Datasets\genres\pop\pop.00020.wav,7
721,E:\Datasets\genres\pop\pop.00021.wav,7
722,E:\Datasets\genres\pop\pop.00022.wav,7
723,E:\Datasets\genres\pop\pop.00023.wav,7
724,E:\Datasets\genres\pop\pop.00024.wav,7
725,E:\Datasets\genres\pop\pop.00025.wav,7
726,E:\Datasets\genres\pop\pop.00026.wav,7
727,E:\Datasets\genres\pop\pop.00027.wav,7
728,E:\Datasets\genres\pop\pop.00028.wav,7
729,E:\Datasets\genres\pop\pop.00029.wav,7
730,E:\Datasets\genres\pop\pop.00030.wav,7
731,E:\Datasets\genres\pop\pop.00031.wav,7
732,E:\Datasets\genres\pop\pop.00032.wav,7
733,E:\Datasets\genres\pop\pop.00033.wav,7
734,E:\Datasets\genres\pop\pop.00034.wav,7
735,E:\Datasets\genres\pop\pop.00035.wav,7
736,E:\Datasets\genres\pop\pop.00036.wav,7
737,E:\Datasets\genres\pop\pop.00037.wav,7
738,E:\Datasets\genres\pop\pop.00038.wav,7
739,E:\Datasets\genres\pop\pop.00039.wav,7
740,E:\Datasets\genres\pop\pop.00040.wav,7
741,E:\Datasets\genres\pop\pop.00041.wav,7
742,E:\Datasets\genres\pop\pop.00042.wav,7
743,E:\Datasets\genres\pop\pop.00043.wav,7
744,E:\Datasets\genres\pop\pop.00044.wav,7
745,E:\Datasets\genres\pop\pop.00045.wav,7
746,E:\Datasets\genres\pop\pop.00046.wav,7
747,E:\Datasets\genres\pop\pop.00047.wav,7
748,E:\Datasets\genres\pop\pop.00048.wav,7
749,E:\Datasets\genres\pop\pop.00049.wav,7
750,E:\Datasets\genres\pop\pop.00050.wav,7
751,E:\Datasets\genres\pop\pop.00051.wav,7
752,E:\Datasets\genres\pop\pop.00052.wav,7
753,E:\Datasets\genres\pop\pop.00053.wav,7
754,E:\Datasets\genres\pop\pop.00054.wav,7
755,E:\Datasets\genres\pop\pop.00055.wav,7
756,E:\Datasets\genres\pop\pop.00056.wav,7
757,E:\Datasets\genres\pop\pop.00057.wav,7
758,E:\Datasets\genres\pop\pop.00058.wav,7
759,E:\Datasets\genres\pop\pop.00059.wav,7
760,E:\Datasets\genres\pop\pop.00060.wav,7
761,E:\Datasets\genres\pop\pop.00061.wav,7
762,E:\Datasets\genres\pop\pop.00062.wav,7
763,E:\Datasets\genres\pop\pop.00063.wav,7
764,E:\Datasets\genres\pop\pop.00064.wav,7
765,E:\Datasets\genres\pop\pop.00065.wav,7
766,E:\Datasets\genres\pop\pop.00066.wav,7
767,E:\Datasets\genres\pop\pop.00067.wav,7
768,E:\Datasets\genres\pop\pop.00068.wav,7
769,E:\Datasets\genres\pop\pop.00069.wav,7
770,E:\Datasets\genres\pop\pop.00070.wav,7
771,E:\Datasets\genres\pop\pop.00071.wav,7
772,E:\Datasets\genres\pop\pop.00072.wav,7
773,E:\Datasets\genres\pop\pop.00073.wav,7
774,E:\Datasets\genres\pop\pop.00074.wav,7
775,E:\Datasets\genres\pop\pop.00075.wav,7
776,E:\Datasets\genres\pop\pop.00076.wav,7
777,E:\Datasets\genres\pop\pop.00077.wav,7
778,E:\Datasets\genres\pop\pop.00078.wav,7
779,E:\Datasets\genres\pop\pop.00079.wav,7
780,E:\Datasets\genres\pop\pop.00080.wav,7
781,E:\Datasets\genres\pop\pop.00081.wav,7
782,E:\Datasets\genres\pop\pop.00082.wav,7
783,E:\Datasets\genres\pop\pop.00083.wav,7
784,E:\Datasets\genres\pop\pop.00084.wav,7
785,E:\Datasets\genres\pop\pop.00085.wav,7
786,E:\Datasets\genres\pop\pop.00086.wav,7
787,E:\Datasets\genres\pop\pop.00087.wav,7
788,E:\Datasets\genres\pop\pop.00088.wav,7
789,E:\Datasets\genres\pop\pop.00089.wav,7
790,E:\Datasets\genres\pop\pop.00090.wav,7
791,E:\Datasets\genres\pop\pop.00091.wav,7
792,E:\Datasets\genres\pop\pop.00092.wav,7
793,E:\Datasets\genres\pop\pop.00093.wav,7
794,E:\Datasets\genres\pop\pop.00094.wav,7
795,E:\Datasets\genres\pop\pop.00095.wav,7
796,E:\Datasets\genres\pop\pop.00096.wav,7
797,E:\Datasets\genres\pop\pop.00097.wav,7
798,E:\Datasets\genres\pop\pop.00098.wav,7
799,E:\Datasets\genres\pop\pop.00099.wav,7
800,E:\Datasets\genres\reggae\reggae.00000.wav,8
801,E:\Datasets\genres\reggae\reggae.00001.wav,8
802,E:\Datasets\genres\reggae\reggae.00002.wav,8
803,E:\Datasets\genres\reggae\reggae.00003.wav,8
804,E:\Datasets\genres\reggae\reggae.00004.wav,8
805,E:\Datasets\genres\reggae\reggae.00005.wav,8
806,E:\Datasets\genres\reggae\reggae.00006.wav,8
807,E:\Datasets\genres\reggae\reggae.00007.wav,8
808,E:\Datasets\genres\reggae\reggae.00008.wav,8
809,E:\Datasets\genres\reggae\reggae.00009.wav,8
810,E:\Datasets\genres\reggae\reggae.00010.wav,8
811,E:\Datasets\genres\reggae\reggae.00011.wav,8
812,E:\Datasets\genres\reggae\reggae.00012.wav,8
813,E:\Datasets\genres\reggae\reggae.00013.wav,8
814,E:\Datasets\genres\reggae\reggae.00014.wav,8
815,E:\Datasets\genres\reggae\reggae.00015.wav,8
816,E:\Datasets\genres\reggae\reggae.00016.wav,8
817,E:\Datasets\genres\reggae\reggae.00017.wav,8
818,E:\Datasets\genres\reggae\reggae.00018.wav,8
819,E:\Datasets\genres\reggae\reggae.00019.wav,8
820,E:\Datasets\genres\reggae\reggae.00020.wav,8
821,E:\Datasets\genres\reggae\reggae.00021.wav,8
822,E:\Datasets\genres\reggae\reggae.00022.wav,8
823,E:\Datasets\genres\reggae\reggae.00023.wav,8
824,E:\Datasets\genres\reggae\reggae.00024.wav,8
825,E:\Datasets\genres\reggae\reggae.00025.wav,8
826,E:\Datasets\genres\reggae\reggae.00026.wav,8
827,E:\Datasets\genres\reggae\reggae.00027.wav,8
828,E:\Datasets\genres\reggae\reggae.00028.wav,8
829,E:\Datasets\genres\reggae\reggae.00029.wav,8
830,E:\Datasets\genres\reggae\reggae.00030.wav,8
831,E:\Datasets\genres\reggae\reggae.00031.wav,8
832,E:\Datasets\genres\reggae\reggae.00032.wav,8
833,E:\Datasets\genres\reggae\reggae.00033.wav,8
834,E:\Datasets\genres\reggae\reggae.00034.wav,8
835,E:\Datasets\genres\reggae\reggae.00035.wav,8
836,E:\Datasets\genres\reggae\reggae.00036.wav,8
837,E:\Datasets\genres\reggae\reggae.00037.wav,8
838,E:\Datasets\genres\reggae\reggae.00038.wav,8
839,E:\Datasets\genres\reggae\reggae.00039.wav,8
840,E:\Datasets\genres\reggae\reggae.00040.wav,8
841,E:\Datasets\genres\reggae\reggae.00041.wav,8
842,E:\Datasets\genres\reggae\reggae.00042.wav,8
843,E:\Datasets\genres\reggae\reggae.00043.wav,8
844,E:\Datasets\genres\reggae\reggae.00044.wav,8
845,E:\Datasets\genres\reggae\reggae.00045.wav,8
846,E:\Datasets\genres\reggae\reggae.00046.wav,8
847,E:\Datasets\genres\reggae\reggae.00047.wav,8
848,E:\Datasets\genres\reggae\reggae.00048.wav,8
849,E:\Datasets\genres\reggae\reggae.00049.wav,8
850,E:\Datasets\genres\reggae\reggae.00050.wav,8
851,E:\Datasets\genres\reggae\reggae.00051.wav,8
852,E:\Datasets\genres\reggae\reggae.00052.wav,8
853,E:\Datasets\genres\reggae\reggae.00053.wav,8
854,E:\Datasets\genres\reggae\reggae.00054.wav,8
855,E:\Datasets\genres\reggae\reggae.00055.wav,8
856,E:\Datasets\genres\reggae\reggae.00056.wav,8
857,E:\Datasets\genres\reggae\reggae.00057.wav,8
858,E:\Datasets\genres\reggae\reggae.00058.wav,8
859,E:\Datasets\genres\reggae\reggae.00059.wav,8
860,E:\Datasets\genres\reggae\reggae.00060.wav,8
861,E:\Datasets\genres\reggae\reggae.00061.wav,8
862,E:\Datasets\genres\reggae\reggae.00062.wav,8
863,E:\Datasets\genres\reggae\reggae.00063.wav,8
864,E:\Datasets\genres\reggae\reggae.00064.wav,8
865,E:\Datasets\genres\reggae\reggae.00065.wav,8
866,E:\Datasets\genres\reggae\reggae.00066.wav,8
867,E:\Datasets\genres\reggae\reggae.00067.wav,8
868,E:\Datasets\genres\reggae\reggae.00068.wav,8
869,E:\Datasets\genres\reggae\reggae.00069.wav,8
870,E:\Datasets\genres\reggae\reggae.00070.wav,8
871,E:\Datasets\genres\reggae\reggae.00071.wav,8
872,E:\Datasets\genres\reggae\reggae.00072.wav,8
873,E:\Datasets\genres\reggae\reggae.00073.wav,8
874,E:\Datasets\genres\reggae\reggae.00074.wav,8
875,E:\Datasets\genres\reggae\reggae.00075.wav,8
876,E:\Datasets\genres\reggae\reggae.00076.wav,8
877,E:\Datasets\genres\reggae\reggae.00077.wav,8
878,E:\Datasets\genres\reggae\reggae.00078.wav,8
879,E:\Datasets\genres\reggae\reggae.00079.wav,8
880,E:\Datasets\genres\reggae\reggae.00080.wav,8
881,E:\Datasets\genres\reggae\reggae.00081.wav,8
882,E:\Datasets\genres\reggae\reggae.00082.wav,8
883,E:\Datasets\genres\reggae\reggae.00083.wav,8
884,E:\Datasets\genres\reggae\reggae.00084.wav,8
885,E:\Datasets\genres\reggae\reggae.00085.wav,8
886,E:\Datasets\genres\reggae\reggae.00086.wav,8
887,E:\Datasets\genres\reggae\reggae.00087.wav,8
888,E:\Datasets\genres\reggae\reggae.00088.wav,8
889,E:\Datasets\genres\reggae\reggae.00089.wav,8
890,E:\Datasets\genres\reggae\reggae.00090.wav,8
891,E:\Datasets\genres\reggae\reggae.00091.wav,8
892,E:\Datasets\genres\reggae\reggae.00092.wav,8
893,E:\Datasets\genres\reggae\reggae.00093.wav,8
894,E:\Datasets\genres\reggae\reggae.00094.wav,8
895,E:\Datasets\genres\reggae\reggae.00095.wav,8
896,E:\Datasets\genres\reggae\reggae.00096.wav,8
897,E:\Datasets\genres\reggae\reggae.00097.wav,8
898,E:\Datasets\genres\reggae\reggae.00098.wav,8
899,E:\Datasets\genres\reggae\reggae.00099.wav,8
900,E:\Datasets\genres\rock\rock.00000.wav,9
901,E:\Datasets\genres\rock\rock.00001.wav,9
902,E:\Datasets\genres\rock\rock.00002.wav,9
903,E:\Datasets\genres\rock\rock.00003.wav,9
904,E:\Datasets\genres\rock\rock.00004.wav,9
905,E:\Datasets\genres\rock\rock.00005.wav,9
906,E:\Datasets\genres\rock\rock.00006.wav,9
907,E:\Datasets\genres\rock\rock.00007.wav,9
908,E:\Datasets\genres\rock\rock.00008.wav,9
909,E:\Datasets\genres\rock\rock.00009.wav,9
910,E:\Datasets\genres\rock\rock.00010.wav,9
911,E:\Datasets\genres\rock\rock.00011.wav,9
912,E:\Datasets\genres\rock\rock.00012.wav,9
913,E:\Datasets\genres\rock\rock.00013.wav,9
914,E:\Datasets\genres\rock\rock.00014.wav,9
915,E:\Datasets\genres\rock\rock.00015.wav,9
916,E:\Datasets\genres\rock\rock.00016.wav,9
917,E:\Datasets\genres\rock\rock.00017.wav,9
918,E:\Datasets\genres\rock\rock.00018.wav,9
919,E:\Datasets\genres\rock\rock.00019.wav,9
920,E:\Datasets\genres\rock\rock.00020.wav,9
921,E:\Datasets\genres\rock\rock.00021.wav,9
922,E:\Datasets\genres\rock\rock.00022.wav,9
923,E:\Datasets\genres\rock\rock.00023.wav,9
924,E:\Datasets\genres\rock\rock.00024.wav,9
925,E:\Datasets\genres\rock\rock.00025.wav,9
926,E:\Datasets\genres\rock\rock.00026.wav,9
927,E:\Datasets\genres\rock\rock.00027.wav,9
928,E:\Datasets\genres\rock\rock.00028.wav,9
929,E:\Datasets\genres\rock\rock.00029.wav,9
930,E:\Datasets\genres\rock\rock.00030.wav,9
931,E:\Datasets\genres\rock\rock.00031.wav,9
932,E:\Datasets\genres\rock\rock.00032.wav,9
933,E:\Datasets\genres\rock\rock.00033.wav,9
934,E:\Datasets\genres\rock\rock.00034.wav,9
935,E:\Datasets\genres\rock\rock.00035.wav,9
936,E:\Datasets\genres\rock\rock.00036.wav,9
937,E:\Datasets\genres\rock\rock.00037.wav,9
938,E:\Datasets\genres\rock\rock.00038.wav,9
939,E:\Datasets\genres\rock\rock.00039.wav,9
940,E:\Datasets\genres\rock\rock.00040.wav,9
941,E:\Datasets\genres\rock\rock.00041.wav,9
942,E:\Datasets\genres\rock\rock.00042.wav,9
943,E:\Datasets\genres\rock\rock.00043.wav,9
944,E:\Datasets\genres\rock\rock.00044.wav,9
945,E:\Datasets\genres\rock\rock.00045.wav,9
946,E:\Datasets\genres\rock\rock.00046.wav,9
947,E:\Datasets\genres\rock\rock.00047.wav,9
948,E:\Datasets\genres\rock\rock.00048.wav,9
949,E:\Datasets\genres\rock\rock.00049.wav,9
950,E:\Datasets\genres\rock\rock.00050.wav,9
951,E:\Datasets\genres\rock\rock.00051.wav,9
952,E:\Datasets\genres\rock\rock.00052.wav,9
953,E:\Datasets\genres\rock\rock.00053.wav,9
954,E:\Datasets\genres\rock\rock.00054.wav,9
955,E:\Datasets\genres\rock\rock.00055.wav,9
956,E:\Datasets\genres\rock\rock.00056.wav,9
957,E:\Datasets\genres\rock\rock.00057.wav,9
958,E:\Datasets\genres\rock\rock.00058.wav,9
959,E:\Datasets\genres\rock\rock.00059.wav,9
960,E:\Datasets\genres\rock\rock.00060.wav,9
961,E:\Datasets\genres\rock\rock.00061.wav,9
962,E:\Datasets\genres\rock\rock.00062.wav,9
963,E:\Datasets\genres\rock\rock.00063.wav,9
964,E:\Datasets\genres\rock\rock.00064.wav,9
965,E:\Datasets\genres\rock\rock.00065.wav,9
966,E:\Datasets\genres\rock\rock.00066.wav,9
967,E:\Datasets\genres\rock\rock.00067.wav,9
968,E:\Datasets\genres\rock\rock.00068.wav,9
969,E:\Datasets\genres\rock\rock.00069.wav,9
970,E:\Datasets\genres\rock\rock.00070.wav,9
971,E:\Datasets\genres\rock\rock.00071.wav,9
972,E:\Datasets\genres\rock\rock.00072.wav,9
973,E:\Datasets\genres\rock\rock.00073.wav,9
974,E:\Datasets\genres\rock\rock.00074.wav,9
975,E:\Datasets\genres\rock\rock.00075.wav,9
976,E:\Datasets\genres\rock\rock.00076.wav,9
977,E:\Datasets\genres\rock\rock.00077.wav,9
978,E:\Datasets\genres\rock\rock.00078.wav,9
979,E:\Datasets\genres\rock\rock.00079.wav,9
980,E:\Datasets\genres\rock\rock.00080.wav,9
981,E:\Datasets\genres\rock\rock.00081.wav,9
982,E:\Datasets\genres\rock\rock.00082.wav,9
983,E:\Datasets\genres\rock\rock.00083.wav,9
984,E:\Datasets\genres\rock\rock.00084.wav,9
985,E:\Datasets\genres\rock\rock.00085.wav,9
986,E:\Datasets\genres\rock\rock.00086.wav,9
987,E:\Datasets\genres\rock\rock.00087.wav,9
988,E:\Datasets\genres\rock\rock.00088.wav,9
989,E:\Datasets\genres\rock\rock.00089.wav,9
990,E:\Datasets\genres\rock\rock.00090.wav,9
991,E:\Datasets\genres\rock\rock.00091.wav,9
992,E:\Datasets\genres\rock\rock.00092.wav,9
993,E:\Datasets\genres\rock\rock.00093.wav,9
994,E:\Datasets\genres\rock\rock.00094.wav,9
995,E:\Datasets\genres\rock\rock.00095.wav,9
996,E:\Datasets\genres\rock\rock.00096.wav,9
997,E:\Datasets\genres\rock\rock.00097.wav,9
998,E:\Datasets\genres\rock\rock.00098.wav,9
999,E:\Datasets\genres\rock\rock.00099.wav,9
